1778695200;0.012699127197265625;0.4898338317871094;2.1482276916503906;0.08994674682617188;0.16157150268554688
1778695201;0.012699127197265625;0.4898338317871094;2.148326873779297;0.08994674682617188;0.16157913208007812
1778695202;0.012699127197265625;0.4898338317871094;2.148937225341797;0.08994674682617188;0.16157913208007812
1778695203;0.012699127197265625;0.4898338317871094;2.148937225341797;0.08994674682617188;0.16157913208007812
1778695204;0.012699127197265625;0.4898338317871094;2.149555206298828;0.08994674682617188;0.16157913208007812
1778695205;0.012699127197265625;0.4898338317871094;2.149555206298828;0.08994674682617188;0.16157913208007812
1778695206;0.012699127197265625;0.4898338317871094;2.1495285034179688;0.08994674682617188;0.16157913208007812
1778695207;0.012699127197265625;0.4898338317871094;2.153209686279297;0.08994674682617188;0.16157913208007812
1778695208;0.012699127197265625;0.4898338317871094;2.153209686279297;0.08994674682617188;0.16157913208007812
1778695209;0.012699127197265625;0.49132537841796875;2.153209686279297;0.08994674682617188;0.16157913208007812
1778695210;0.012699127197265625;0.49329376220703125;2.1533851623535156;0.08994674682617188;0.16157913208007812
1778695211;0.012699127197265625;0.49353790283203125;2.1526107788085938;0.08994674682617188;0.16157913208007812
1778695212;0.012699127197265625;0.49353790283203125;2.1526107788085938;0.08994674682617188;0.16157913208007812
1778695213;0.012699127197265625;0.49353790283203125;2.1526107788085938;0.08994674682617188;0.16157913208007812
1778695214;0.012699127197265625;0.4935760498046875;2.1526145935058594;0.08994674682617188;0.16157913208007812
1778695215;0.012699127197265625;0.4935760498046875;2.1598052978515625;0.08994674682617188;0.16157913208007812
1778695216;0.012699127197265625;0.4935760498046875;2.1598052978515625;0.08994674682617188;0.16157913208007812
1778695217;0.012699127197265625;0.4935760498046875;2.159809112548828;0.08994674682617188;0.16157913208007812
1778695218;0.012699127197265625;0.4935760498046875;2.1598167419433594;0.08994674682617188;0.16157913208007812
1778695219;0.012699127197265625;0.4935760498046875;2.1598167419433594;0.08994674682617188;0.16157913208007812
1778695220;0.012699127197265625;0.4935760498046875;2.163330078125;0.08994674682617188;0.16157913208007812
1778695221;0.012699127197265625;0.4935760498046875;2.163330078125;0.08994674682617188;0.16157913208007812
1778695222;0.012699127197265625;0.4935760498046875;2.1628074645996094;0.08994674682617188;0.16157913208007812
1778695223;0.012699127197265625;0.4935760498046875;2.1628074645996094;0.08994674682617188;0.16157913208007812
1778695224;0.012699127197265625;0.4935760498046875;2.1629180908203125;0.08994674682617188;0.16157913208007812
1778695225;0.012699127197265625;0.4935760498046875;2.1629180908203125;0.08994674682617188;0.16158294677734375
1778695226;0.012699127197265625;0.4942893981933594;2.1629180908203125;0.08994674682617188;0.16158294677734375
1778695227;0.012699127197265625;0.4947357177734375;2.162921905517578;0.08994674682617188;0.16158294677734375
1778695228;0.012699127197265625;0.4947357177734375;2.1631202697753906;0.08994674682617188;0.16158294677734375
1778695229;0.012699127197265625;0.4947357177734375;2.1631202697753906;0.08994674682617188;0.16158294677734375
1778695230;0.012699127197265625;0.4947357177734375;2.1631202697753906;0.08994674682617188;0.16158294677734375
1778695231;0.012699127197265625;0.4945831298828125;2.1631202697753906;0.08994674682617188;0.16158294677734375
1778695232;0.012699127197265625;0.4945831298828125;2.1631202697753906;0.08994674682617188;0.16158294677734375
1778695233;0.012699127197265625;0.4945831298828125;2.1670188903808594;0.08994674682617188;0.16158294677734375
1778695234;0.012699127197265625;0.4945831298828125;2.1699180603027344;0.08994674682617188;0.16158294677734375
1778695235;0.012699127197265625;0.4945831298828125;2.1702346801757812;0.08994674682617188;0.16158294677734375
1778695236;0.012699127197265625;0.4945831298828125;2.1702346801757812;0.08994674682617188;0.16158294677734375
1778695237;0.012699127197265625;0.4945831298828125;2.1702308654785156;0.08994674682617188;0.16158294677734375
1778695238;0.012699127197265625;0.4945831298828125;2.1702308654785156;0.08994674682617188;0.16158294677734375
1778695239;0.012699127197265625;0.4945831298828125;2.1702308654785156;0.08994674682617188;0.16158294677734375
1778695240;0.012699127197265625;0.4945831298828125;2.1702308654785156;0.08994674682617188;0.16158294677734375
1778695241;0.012699127197265625;0.4945831298828125;2.1702308654785156;0.08994674682617188;0.16158294677734375
1778695242;0.012699127197265625;0.494598388671875;2.17022705078125;0.08994674682617188;0.16158294677734375
1778695243;0.012699127197265625;0.494598388671875;2.17022705078125;0.08994674682617188;0.16158294677734375
1778695244;0.012699127197265625;0.4945411682128906;2.17022705078125;0.08994674682617188;0.16158294677734375
1778695245;0.012699127197265625;0.4947357177734375;2.1702346801757812;0.08994674682617188;0.16158294677734375
1778695246;0.012699127197265625;0.4947357177734375;2.174060821533203;0.08994674682617188;0.16158294677734375
1778695247;0.012699127197265625;0.4947853088378906;2.174041748046875;0.0899505615234375;0.16158294677734375
1778695248;0.012699127197265625;0.4947853088378906;2.174041748046875;0.08995437622070312;0.16158294677734375
1778695249;0.012699127197265625;0.4947853088378906;2.174041748046875;0.08995437622070312;0.16158294677734375
1778695250;0.012699127197265625;0.4947853088378906;2.1769180297851562;0.08995437622070312;0.16158294677734375
1778695251;0.012699127197265625;0.49478912353515625;2.1769180297851562;0.08995437622070312;0.16158294677734375
1778695252;0.012699127197265625;0.49478912353515625;2.1769180297851562;0.08995437622070312;0.16158676147460938
1778695253;0.012699127197265625;0.49478912353515625;2.1769180297851562;0.08995437622070312;0.16158676147460938
1778695254;0.012699127197265625;0.4945869445800781;2.176715850830078;0.08995437622070312;0.16158676147460938
1778695255;0.012699127197265625;0.4945869445800781;2.176513671875;0.08995437622070312;0.16158676147460938
1778695256;0.012699127197265625;0.4945869445800781;2.1773338317871094;0.08995437622070312;0.16158676147460938
1778695257;0.012699127197265625;0.4945869445800781;2.1773338317871094;0.08995437622070312;0.16158676147460938
1778695258;0.012699127197265625;0.4945869445800781;2.1774215698242188;0.08995437622070312;0.16158676147460938
1778695259;0.012699127197265625;0.4947662353515625;2.1775169372558594;0.08995437622070312;0.16158676147460938
1778695260;0.012699127197265625;0.4947662353515625;2.1781158447265625;0.08995437622070312;0.16158676147460938
1778695261;0.012699127197265625;0.4951019287109375;2.1781082153320312;0.08995437622070312;0.16158676147460938
1778695262;0.012699127197265625;0.4951019287109375;2.1781082153320312;0.08995437622070312;0.16158676147460938
1778695263;0.012699127197265625;0.4951057434082031;2.1781082153320312;0.08995437622070312;0.16158676147460938
1778695264;0.012699127197265625;0.4951057434082031;2.1781082153320312;0.08995437622070312;0.16158676147460938
1778695265;0.012699127197265625;0.49539947509765625;2.1781082153320312;0.08995437622070312;0.16158676147460938
1778695266;0.012699127197265625;0.49539947509765625;2.181049346923828;0.08995437622070312;0.16217422485351562
1778695267;0.012699127197265625;0.4957542419433594;2.182392120361328;0.0899505615234375;0.1620330810546875
1778695268;0.012699127197265625;0.4959526062011719;2.182392120361328;0.0899505615234375;0.1620330810546875
1778695269;0.012699127197265625;0.4959526062011719;2.176837921142578;0.0899505615234375;0.1620330810546875
1778695270;0.012699127197265625;0.4959526062011719;2.176837921142578;0.0899505615234375;0.1620330810546875
1778695271;0.012699127197265625;0.4960823059082031;2.173389434814453;0.0899505615234375;0.16189193725585938
1778695272;0.012699127197265625;0.49608612060546875;2.173389434814453;0.08997726440429688;0.16189193725585938
1778695273;0.012668609619140625;0.49608612060546875;2.1713905334472656;0.08997726440429688;0.16189193725585938
1778695274;0.012668609619140625;0.49608612060546875;2.176380157470703;0.08997726440429688;0.16189193725585938
1778695275;0.012638092041015625;0.49608612060546875;2.1735916137695312;0.08997726440429688;0.16189193725585938
1778695276;0.012638092041015625;0.49608612060546875;2.1735916137695312;0.08997726440429688;0.16189193725585938
1778695277;0.012638092041015625;0.49608612060546875;2.1525535583496094;0.08997726440429688;0.16316986083984375
1778695278;0.012638092041015625;0.48395538330078125;2.1525535583496094;0.08997726440429688;0.16316986083984375
1778695279;0.012638092041015625;0.48395538330078125;2.153217315673828;0.08997726440429688;0.16316986083984375
1778695280;0.012638092041015625;0.48395538330078125;2.153217315673828;0.08997726440429688;0.16316986083984375
1778695281;0.012638092041015625;0.4718208312988281;2.153430938720703;0.08997726440429688;0.16316986083984375
1778695282;0.012638092041015625;0.4718208312988281;2.153430938720703;0.08997726440429688;0.16316986083984375
1778695283;0.012638092041015625;0.4723091125488281;2.1485557556152344;0.0900115966796875;0.16316986083984375
1778695284;0.012638092041015625;0.4723091125488281;2.131610870361328;0.0900115966796875;0.16316986083984375
1778695285;0.012638092041015625;0.45670318603515625;2.131610870361328;0.0900115966796875;0.16316986083984375
1778695286;0.012638092041015625;0.4275398254394531;2.131610870361328;0.0900115966796875;0.16316986083984375
1778695287;0.012638092041015625;0.4275398254394531;2.0723724365234375;0.0900115966796875;0.16316986083984375
1778695288;0.012638092041015625;0.39837646484375;2.0532150268554688;0.0900115966796875;0.16316986083984375
1778695289;0.012638092041015625;0.39837646484375;2.0532150268554688;0.0900115966796875;0.15716934204101562
1778695290;0.012638092041015625;0.39837646484375;2.0532150268554688;0.09001541137695312;0.15716934204101562
1778695291;0.012638092041015625;0.39837646484375;2.0532150268554688;0.09001541137695312;0.15716934204101562
1778695292;0.012638092041015625;0.39837646484375;2.053211212158203;0.09001541137695312;0.15716934204101562
1778695293;0.012638092041015625;0.39837646484375;1.9926376342773438;0.09001541137695312;0.15716934204101562
1778695294;0.012638092041015625;0.3878326416015625;1.9926376342773438;0.09001541137695312;0.15716934204101562
1778695295;0.012638092041015625;0.3722572326660156;1.98388671875;0.09001541137695312;0.1511688232421875
1778695296;0.012638092041015625;0.37226104736328125;1.9647293090820312;0.09001541137695312;0.1511688232421875
1778695297;0.012638092041015625;0.3725395202636719;1.9647293090820312;0.09001541137695312;0.1511688232421875
1778695298;0.012638092041015625;0.3619956970214844;1.9655189514160156;0.09001541137695312;0.1511688232421875
1778695299;0.012638092041015625;0.3619956970214844;1.9682769775390625;0.09001541137695312;0.1511688232421875
1778695300;0.012638092041015625;0.3619956970214844;1.9595184326171875;0.09001541137695312;0.1511688232421875
1778695301;0.012638092041015625;0.3619956970214844;1.9595184326171875;0.09001541137695312;0.1511688232421875
1778695302;0.012638092041015625;0.3619956970214844;1.960296630859375;0.09001541137695312;0.1511688232421875
1778695303;0.012638092041015625;0.3619956970214844;1.9603118896484375;0.09001541137695312;0.1511688232421875
1778695304;0.012638092041015625;0.3619956970214844;1.9628677368164062;0.09001541137695312;0.15117263793945312
1778695305;0.012638092041015625;0.3619956970214844;1.9628677368164062;0.09001541137695312;0.15117263793945312
1778695306;0.012638092041015625;0.3620109558105469;1.9626541137695312;0.09001541137695312;0.15117263793945312
1778695307;0.012638092041015625;0.3620109558105469;1.9626579284667969;0.09001541137695312;0.15117263793945312
1778695308;0.012638092041015625;0.3620109558105469;1.9616012573242188;0.09001541137695312;0.15117263793945312
1778695309;0.012638092041015625;0.3620109558105469;1.9616012573242188;0.09001541137695312;0.15117263793945312
1778695310;0.012638092041015625;0.3622856140136719;1.9605445861816406;0.09001541137695312;0.15117263793945312
1778695311;0.012638092041015625;0.3622856140136719;1.9605445861816406;0.09001541137695312;0.15117263793945312
1778695312;0.012638092041015625;0.3622894287109375;1.9605445861816406;0.09001541137695312;0.15117263793945312
1778695313;0.012638092041015625;0.3622894287109375;1.9605484008789062;0.09001541137695312;0.15117263793945312
1778695314;0.012638092041015625;0.3622894287109375;1.9605484008789062;0.09001541137695312;0.15117263793945312
1778695315;0.012638092041015625;0.3622894287109375;1.9649391174316406;0.09001541137695312;0.15117263793945312
1778695316;0.012638092041015625;0.3622894287109375;1.9649391174316406;0.09001541137695312;0.15117263793945312
1778695317;0.012638092041015625;0.3622894287109375;1.9657363891601562;0.09001541137695312;0.15117263793945312
1778695318;0.012638092041015625;0.3622894287109375;1.9671478271484375;0.09001541137695312;0.15117263793945312
1778695319;0.012638092041015625;0.3622894287109375;1.9671592712402344;0.09001541137695312;0.15117263793945312
1778695320;0.012638092041015625;0.3622894287109375;1.9671592712402344;0.09001541137695312;0.15117263793945312
1778695321;0.012638092041015625;0.3622894287109375;1.9671592712402344;0.09001541137695312;0.15117263793945312
1778695322;0.012638092041015625;0.3622894287109375;1.9671592712402344;0.09001541137695312;0.15117263793945312
1778695323;0.012638092041015625;0.36237335205078125;1.9671592712402344;0.09001541137695312;0.15117263793945312
1778695324;0.012638092041015625;0.36237335205078125;1.9671592712402344;0.09001541137695312;0.15117263793945312
1778695325;0.012638092041015625;0.3623809814453125;1.9674110412597656;0.09001541137695312;0.15117263793945312
1778695326;0.012638092041015625;0.3623809814453125;1.9674949645996094;0.09001541137695312;0.15117263793945312
1778695327;0.012638092041015625;0.3623809814453125;1.967498779296875;0.09001541137695312;0.15117263793945312
1778695328;0.012638092041015625;0.3623809814453125;1.967498779296875;0.09001541137695312;0.15117263793945312
1778695329;0.012638092041015625;0.3623809814453125;1.967498779296875;0.09001541137695312;0.15117263793945312
1778695330;0.012638092041015625;0.36220550537109375;1.9675025939941406;0.09001541137695312;0.15117263793945312
1778695331;0.012638092041015625;0.3622093200683594;1.967559814453125;0.09001541137695312;0.15117263793945312
1778695332;0.012638092041015625;0.3622093200683594;1.9676170349121094;0.09001541137695312;0.15117263793945312
1778695333;0.012638092041015625;0.3622093200683594;1.9710044860839844;0.09001541137695312;0.15117263793945312
1778695334;0.012638092041015625;0.3622093200683594;1.9740867614746094;0.09001541137695312;0.1511688232421875
1778695335;0.012638092041015625;0.3622093200683594;1.97406005859375;0.09001541137695312;0.1511688232421875
1778695336;0.012638092041015625;0.3622093200683594;1.9764976501464844;0.09001541137695312;0.1511688232421875
1778695337;0.012638092041015625;0.3622016906738281;1.9764976501464844;0.09001541137695312;0.1511688232421875
1778695338;0.012638092041015625;0.3622016906738281;1.9764976501464844;0.09001541137695312;0.1511688232421875
1778695339;0.012638092041015625;0.3622016906738281;1.9789276123046875;0.09001541137695312;0.1511688232421875
1778695340;0.012638092041015625;0.36220550537109375;1.9789276123046875;0.09001541137695312;0.1511688232421875
1778695341;0.012638092041015625;0.36220550537109375;1.9789237976074219;0.09001541137695312;0.1511688232421875
1778695342;0.012638092041015625;0.36220550537109375;1.9786491394042969;0.09001541137695312;0.1511688232421875
1778695343;0.012638092041015625;0.36220550537109375;1.9786491394042969;0.09001541137695312;0.1511688232421875
1778695344;0.012638092041015625;0.36220550537109375;1.9786491394042969;0.09001541137695312;0.1511688232421875
1778695345;0.012638092041015625;0.36220550537109375;1.9786491394042969;0.09001541137695312;0.1511688232421875
1778695346;0.012638092041015625;0.3614387512207031;1.9786300659179688;0.09001541137695312;0.15117645263671875
1778695347;0.012638092041015625;0.3614387512207031;1.9786720275878906;0.09001541137695312;0.15117645263671875
1778695348;0.012638092041015625;0.3614387512207031;1.9786758422851562;0.09001541137695312;0.15117645263671875
1778695349;0.012638092041015625;0.36092376708984375;1.9786758422851562;0.09001541137695312;0.15117645263671875
1778695350;0.012638092041015625;0.36092376708984375;1.9786834716796875;0.09001541137695312;0.15117645263671875
1778695351;0.012638092041015625;0.36092376708984375;1.977996826171875;0.09001541137695312;0.15117645263671875
1778695352;0.012638092041015625;0.36092376708984375;1.977996826171875;0.09001541137695312;0.15117645263671875
1778695353;0.012638092041015625;0.36092376708984375;1.9779739379882812;0.09001541137695312;0.15117645263671875
1778695354;0.012638092041015625;0.36092376708984375;1.9779815673828125;0.09001541137695312;0.15117645263671875
1778695355;0.012638092041015625;0.36092376708984375;1.9771003723144531;0.09001541137695312;0.15117645263671875
1778695356;0.012638092041015625;0.36092376708984375;1.9771003723144531;0.09001541137695312;0.15117645263671875
1778695357;0.012638092041015625;0.36092376708984375;1.9771003723144531;0.09001541137695312;0.15117645263671875
1778695358;0.012638092041015625;0.36092376708984375;1.977081298828125;0.09001541137695312;0.15117645263671875
1778695359;0.012638092041015625;0.36092376708984375;1.9771156311035156;0.09001541137695312;0.15117645263671875
1778695360;0.012638092041015625;0.3609275817871094;1.9771194458007812;0.09001541137695312;0.15117645263671875
1778695361;0.012638092041015625;0.3609275817871094;1.9771041870117188;0.09001541137695312;0.15117645263671875
1778695362;0.012638092041015625;0.3609275817871094;1.9771080017089844;0.09001541137695312;0.15117645263671875
1778695363;0.012638092041015625;0.36092376708984375;1.9771080017089844;0.09001541137695312;0.15117645263671875
1778695364;0.012638092041015625;0.36092376708984375;1.9772491455078125;0.09001541137695312;0.15117263793945312
1778695365;0.012638092041015625;0.36092376708984375;1.9772491455078125;0.09001541137695312;0.15117263793945312
1778695366;0.012638092041015625;0.36092376708984375;1.9772491455078125;0.09001541137695312;0.15117263793945312
1778695367;0.012638092041015625;0.3609123229980469;1.9772491455078125;0.09001541137695312;0.15117263793945312
1778695368;0.012638092041015625;0.3609123229980469;1.9808769226074219;0.09001541137695312;0.15117263793945312
1778695369;0.012638092041015625;0.3609123229980469;1.9808769226074219;0.09001541137695312;0.15117645263671875
1778695370;0.012638092041015625;0.3609123229980469;1.9808769226074219;0.09002304077148438;0.15117645263671875
1778695371;0.012638092041015625;0.36090850830078125;1.9808769226074219;0.09002304077148438;0.15117645263671875
1778695372;0.012638092041015625;0.36090850830078125;1.9808769226074219;0.09002304077148438;0.15117645263671875
1778695373;0.012638092041015625;0.36090850830078125;1.9808731079101562;0.09002304077148438;0.15117645263671875
1778695374;0.012638092041015625;0.36090850830078125;1.9844970703125;0.09002304077148438;0.15117645263671875
1778695375;0.012638092041015625;0.36090850830078125;1.9844970703125;0.09002304077148438;0.15118026733398438
1778695376;0.012638092041015625;0.36090850830078125;1.9844970703125;0.09002304077148438;0.15118026733398438
1778695377;0.012638092041015625;0.36090850830078125;1.9844970703125;0.09002304077148438;0.15118026733398438
1778695378;0.012638092041015625;0.36090850830078125;1.9844970703125;0.09002304077148438;0.15118026733398438
1778695379;0.012638092041015625;0.36090850830078125;1.9835586547851562;0.09002304077148438;0.15118026733398438
1778695380;0.012638092041015625;0.36090850830078125;1.9835586547851562;0.09002304077148438;0.15118026733398438
1778695381;0.012638092041015625;0.36090850830078125;1.9828529357910156;0.09002304077148438;0.15118026733398438
1778695382;0.012638092041015625;0.36090850830078125;1.9828529357910156;0.09003448486328125;0.15118026733398438
1778695383;0.012638092041015625;0.36090850830078125;1.9828529357910156;0.09003448486328125;0.15118026733398438
1778695384;0.012638092041015625;0.3609123229980469;1.9828529357910156;0.09003829956054688;0.15118026733398438
1778695385;0.012638092041015625;0.3609161376953125;1.9828529357910156;0.09003829956054688;0.15118026733398438
1778695386;0.012638092041015625;0.3609161376953125;1.9828529357910156;0.09003829956054688;0.15118026733398438
1778695387;0.012638092041015625;0.3609161376953125;1.9833984375;0.09003829956054688;0.15119171142578125
1778695388;0.012638092041015625;0.3609161376953125;1.9833984375;0.09003829956054688;0.15119171142578125
1778695389;0.012638092041015625;0.3609161376953125;1.9834022521972656;0.09003829956054688;0.15119171142578125
1778695390;0.012638092041015625;0.3609161376953125;1.9814567565917969;0.09003829956054688;0.15119171142578125
1778695391;0.012638092041015625;0.3609161376953125;1.9814567565917969;0.09003829956054688;0.15119171142578125
1778695392;0.012638092041015625;0.3609161376953125;1.9814567565917969;0.09003829956054688;0.15119171142578125
1778695393;0.012638092041015625;0.3609161376953125;1.9814567565917969;0.09003829956054688;0.1511993408203125
1778695394;0.012638092041015625;0.3609161376953125;1.9814567565917969;0.09003829956054688;0.1511993408203125
1778695395;0.012638092041015625;0.36092376708984375;1.9795150756835938;0.09003829956054688;0.1511993408203125
1778695396;0.012638092041015625;0.36116790771484375;1.9795150756835938;0.08994293212890625;0.1511993408203125
1778695397;0.012638092041015625;0.36116790771484375;1.979766845703125;0.08984756469726562;0.1511993408203125
1778695398;0.012638092041015625;0.36116790771484375;1.979766845703125;0.08984756469726562;0.1511993408203125
1778695399;0.012638092041015625;0.36116790771484375;1.9791259765625;0.08984756469726562;0.1511993408203125
1778695400;0.012638092041015625;0.36116790771484375;1.9790611267089844;0.08984756469726562;0.1511993408203125
1778695401;0.012638092041015625;0.36116790771484375;1.9790611267089844;0.08984756469726562;0.1511993408203125
1778695402;0.012638092041015625;0.36116790771484375;1.9788169860839844;0.08984756469726562;0.1511993408203125
1778695403;0.012638092041015625;0.3611793518066406;1.9788169860839844;0.08984756469726562;0.1511993408203125
1778695404;0.012638092041015625;0.3611793518066406;1.9788169860839844;0.08984756469726562;0.1511993408203125
1778695405;0.012638092041015625;0.3611793518066406;1.9788169860839844;0.08984756469726562;0.1511993408203125
1778695406;0.012638092041015625;0.3611793518066406;1.9788169860839844;0.08984756469726562;0.1511993408203125
1778695407;0.012638092041015625;0.3609580993652344;1.9779205322265625;0.08984756469726562;0.15120315551757812
1778695408;0.012638092041015625;0.3609580993652344;1.9779205322265625;0.08984756469726562;0.15120315551757812
1778695409;0.012638092041015625;0.3609657287597656;1.9779205322265625;0.08984756469726562;0.15120315551757812
1778695410;0.012638092041015625;0.3609657287597656;1.9779167175292969;0.08984756469726562;0.15120315551757812
1778695411;0.012638092041015625;0.3609657287597656;1.9779243469238281;0.08987045288085938;0.15120315551757812
1778695412;0.012638092041015625;0.3609657287597656;1.9779243469238281;0.08987045288085938;0.15120315551757812
1778695413;0.012638092041015625;0.3609657287597656;1.9779243469238281;0.08987045288085938;0.15120315551757812
1778695414;0.012638092041015625;0.3609657287597656;1.9779243469238281;0.08987045288085938;0.15120315551757812
1778695415;0.012638092041015625;0.36098480224609375;1.9779281616210938;0.08987045288085938;0.15120315551757812
1778695416;0.012638092041015625;0.36098480224609375;1.9779319763183594;0.08987045288085938;0.15120315551757812
1778695417;0.012638092041015625;0.36098480224609375;1.9779319763183594;0.08987045288085938;0.15120315551757812
1778695418;0.012638092041015625;0.3609809875488281;1.977996826171875;0.08987045288085938;0.15120315551757812
1778695419;0.012638092041015625;0.3609809875488281;1.9780006408691406;0.08987045288085938;0.15120315551757812
1778695420;0.012638092041015625;0.3609809875488281;1.9780006408691406;0.08987045288085938;0.15120315551757812
1778695421;0.012638092041015625;0.3609809875488281;1.9780044555664062;0.08986663818359375;0.15120315551757812
1778695422;0.012638092041015625;0.36098480224609375;1.9780044555664062;0.08986663818359375;0.15120315551757812
1778695423;0.012638092041015625;0.3609886169433594;1.9780044555664062;0.08986663818359375;0.15120315551757812
1778695424;0.012638092041015625;0.3609886169433594;1.9780044555664062;0.08986663818359375;0.15120315551757812
1778695425;0.012638092041015625;0.36098480224609375;1.9780044555664062;0.08986663818359375;0.15120315551757812
1778695426;0.012638092041015625;0.36098480224609375;1.9780044555664062;0.08986663818359375;0.1511993408203125
1778695427;0.012638092041015625;0.36098480224609375;1.9780044555664062;0.08986663818359375;0.1511993408203125
1778695428;0.012638092041015625;0.36098480224609375;1.9790382385253906;0.08986663818359375;0.1511993408203125
1778695429;0.012638092041015625;0.3609809875488281;1.9787406921386719;0.08986663818359375;0.1511993408203125
1778695430;0.012638092041015625;0.3609809875488281;1.9838294982910156;0.08986663818359375;0.1511993408203125
1778695431;0.012638092041015625;0.3699188232421875;1.9851264953613281;0.08986282348632812;0.1511993408203125
1778695432;0.012638092041015625;0.3699188232421875;1.9851264953613281;0.08986282348632812;0.1511993408203125
1778695433;0.012638092041015625;0.3699188232421875;1.9851264953613281;0.08986282348632812;0.1511993408203125
1778695434;0.012638092041015625;0.3699188232421875;1.9851264953613281;0.08986282348632812;0.1511993408203125
1778695435;0.012638092041015625;0.3699188232421875;1.9851264953613281;0.08986282348632812;0.1511993408203125
1778695436;0.012638092041015625;0.3699188232421875;1.9851264953613281;0.08986282348632812;0.1511993408203125
1778695437;0.012638092041015625;0.3788566589355469;1.9851264953613281;0.08986282348632812;0.1511993408203125
1778695438;0.012638092041015625;0.3788566589355469;1.9905128479003906;0.08986282348632812;0.1511993408203125
1778695439;0.012638092041015625;0.3788566589355469;1.9904594421386719;0.08986282348632812;0.1511993408203125
1778695440;0.012638092041015625;0.3788566589355469;1.9904518127441406;0.08986282348632812;0.1511993408203125
1778695441;0.012638092041015625;0.3788566589355469;1.9905776977539062;0.08986663818359375;0.15143966674804688
1778695442;0.012638092041015625;0.3788566589355469;1.9905776977539062;0.08986663818359375;0.15143966674804688
1778695443;0.012638092041015625;0.3788566589355469;1.9905776977539062;0.08986663818359375;0.15143966674804688
1778695444;0.012638092041015625;0.3788604736328125;1.9905776977539062;0.08986663818359375;0.15143966674804688
1778695445;0.012638092041015625;0.3788604736328125;1.9905776977539062;0.08986663818359375;0.15143966674804688
1778695446;0.012638092041015625;0.3788604736328125;1.9906959533691406;0.08986663818359375;0.15143966674804688
1778695447;0.012638092041015625;0.3788604736328125;1.9906959533691406;0.08986663818359375;0.15143966674804688
1778695448;0.012638092041015625;0.3788604736328125;1.9940528869628906;0.08986663818359375;0.15143966674804688
1778695449;0.012638092041015625;0.3788604736328125;1.9936904907226562;0.08986663818359375;0.15143966674804688
1778695450;0.012638092041015625;0.3788604736328125;1.9936904907226562;0.08986663818359375;0.15143585205078125
1778695451;0.012638092041015625;0.3788604736328125;1.9969139099121094;0.08986663818359375;0.15143585205078125
1778695452;0.012638092041015625;0.3788604736328125;1.9969139099121094;0.08986663818359375;0.15143585205078125
1778695453;0.012638092041015625;0.3788642883300781;1.9969139099121094;0.08986663818359375;0.15143585205078125
1778695454;0.012638092041015625;0.3788642883300781;1.9969139099121094;0.08986663818359375;0.15143585205078125
1778695455;0.012638092041015625;0.3788642883300781;1.9982643127441406;0.08986663818359375;0.15143585205078125
1778695456;0.012638092041015625;0.3788642883300781;1.9982681274414062;0.08986663818359375;0.15119171142578125
1778695457;0.012638092041015625;0.3788642883300781;2.000293731689453;0.08986663818359375;0.15119171142578125
1778695458;0.012638092041015625;0.3788642883300781;2.000293731689453;0.08986663818359375;0.15119171142578125
1778695459;0.012638092041015625;0.3788642883300781;1.9997024536132812;0.08986663818359375;0.15119171142578125
1778695460;0.012638092041015625;0.37886810302734375;1.9997024536132812;0.08986282348632812;0.15119171142578125
1778695461;0.012638092041015625;0.3791160583496094;2.00006103515625;0.08986282348632812;0.15119171142578125
1778695462;0.012638092041015625;0.37911224365234375;2.00006103515625;0.08986282348632812;0.15119171142578125
1778695463;0.012638092041015625;0.37911224365234375;2.00006103515625;0.08986282348632812;0.15119171142578125
1778695464;0.012638092041015625;0.37911224365234375;2.00006103515625;0.08986282348632812;0.15119171142578125
1778695465;0.012638092041015625;0.37911224365234375;2.00006103515625;0.08986282348632812;0.15119552612304688
1778695466;0.012638092041015625;0.37911224365234375;2.0000572204589844;0.08986282348632812;0.15119552612304688
1778695467;0.012638092041015625;0.37911224365234375;2.002410888671875;0.08986282348632812;0.15119552612304688
1778695468;0.012638092041015625;0.379119873046875;2.002410888671875;0.08986282348632812;0.15119552612304688
1778695469;0.012638092041015625;0.3791236877441406;2.002410888671875;0.08986282348632812;0.15119552612304688
1778695470;0.012638092041015625;0.3791236877441406;2.002410888671875;0.08986282348632812;0.15119552612304688
1778695471;0.012638092041015625;0.3791236877441406;2.002410888671875;0.08986282348632812;0.15119552612304688
1778695472;0.012638092041015625;0.379119873046875;2.002410888671875;0.08986282348632812;0.15119552612304688
1778695473;0.012638092041015625;0.379119873046875;2.002410888671875;0.08986663818359375;0.15119552612304688
1778695474;0.012638092041015625;0.379119873046875;2.003387451171875;0.08987045288085938;0.15119552612304688
1778695475;0.012638092041015625;0.379119873046875;2.0012741088867188;0.08987045288085938;0.15119552612304688
1778695476;0.012638092041015625;0.379119873046875;2.0012741088867188;0.08987045288085938;0.15119552612304688
1778695477;0.012638092041015625;0.379119873046875;2.0012741088867188;0.08987045288085938;0.15119552612304688
1778695478;0.012638092041015625;0.379119873046875;2.0010414123535156;0.08987045288085938;0.15119552612304688
1778695479;0.012638092041015625;0.379119873046875;2.0010414123535156;0.08987045288085938;0.15119552612304688
1778695480;0.012638092041015625;0.3788795471191406;2.0010414123535156;0.08987045288085938;0.15119552612304688
1778695481;0.012638092041015625;0.3788795471191406;2.0010414123535156;0.08987045288085938;0.15119552612304688
1778695482;0.012638092041015625;0.3788795471191406;2.0010414123535156;0.08987045288085938;0.15119552612304688
1778695483;0.012638092041015625;0.3788795471191406;2.001659393310547;0.08987045288085938;0.15119552612304688
1778695484;0.012638092041015625;0.37888336181640625;2.0025978088378906;0.08987045288085938;0.15119552612304688
1778695485;0.012638092041015625;0.37888336181640625;2.002593994140625;0.08987045288085938;0.15119552612304688
1778695486;0.012638092041015625;0.37888336181640625;2.0058326721191406;0.08987045288085938;0.15119552612304688
1778695487;0.012638092041015625;0.37888336181640625;2.0058326721191406;0.08987045288085938;0.15119552612304688
1778695488;0.012638092041015625;0.37888336181640625;2.0058364868164062;0.08986663818359375;0.15119552612304688
1778695489;0.012638092041015625;0.3791236877441406;2.0058364868164062;0.08986663818359375;0.15119552612304688
1778695490;0.012638092041015625;0.3791236877441406;2.0058364868164062;0.08986663818359375;0.15119552612304688
1778695491;0.012638092041015625;0.3791236877441406;2.0058364868164062;0.08986282348632812;0.15119552612304688
1778695492;0.012638092041015625;0.37912750244140625;2.0058364868164062;0.08986282348632812;0.15119552612304688
1778695493;0.012638092041015625;0.37912750244140625;2.0058364868164062;0.08986282348632812;0.15119552612304688
1778695494;0.012638092041015625;0.37912750244140625;2.0058364868164062;0.08986282348632812;0.1511993408203125
1778695495;0.012638092041015625;0.37912750244140625;2.0058364868164062;0.08986282348632812;0.1511993408203125
1778695496;0.012638092041015625;0.37912750244140625;2.0058441162109375;0.08986282348632812;0.1511993408203125
1778695497;0.012638092041015625;0.37912750244140625;2.0057640075683594;0.08986282348632812;0.1511993408203125
1778695498;0.012638092041015625;0.37912750244140625;2.0057640075683594;0.08986282348632812;0.15119552612304688
1778695499;0.012638092041015625;0.37912750244140625;2.0056190490722656;0.08986282348632812;0.15119552612304688
1778695500;0.012638092041015625;0.3796577453613281;2.0056190490722656;0.08986282348632812;0.15119552612304688
1778695501;0.012638092041015625;0.3796577453613281;2.0056228637695312;0.08986282348632812;0.15119552612304688
1778695502;0.012638092041015625;0.3799018859863281;2.0047950744628906;0.08986282348632812;0.15119552612304688
1778695503;0.012638092041015625;0.3799018859863281;2.00396728515625;0.08986282348632812;0.15119552612304688
1778695504;0.012638092041015625;0.3799018859863281;2.0038795471191406;0.08986282348632812;0.15119552612304688
1778695505;0.012638092041015625;0.3796653747558594;2.0038795471191406;0.08986282348632812;0.15119552612304688
1778695506;0.012638092041015625;0.3796653747558594;2.0037994384765625;0.08986282348632812;0.15119552612304688
1778695507;0.012638092041015625;0.3796653747558594;2.0037994384765625;0.08986282348632812;0.15119552612304688
1778695508;0.012638092041015625;0.3796653747558594;2.0037994384765625;0.08986282348632812;0.15119552612304688
1778695509;0.012638092041015625;0.3796653747558594;2.0037994384765625;0.08986282348632812;0.15119552612304688
1778695510;0.012638092041015625;0.3801918029785156;2.0037994384765625;0.08986282348632812;0.1511993408203125
1778695511;0.012638092041015625;0.3801918029785156;2.0044212341308594;0.08986282348632812;0.1511993408203125
1778695512;0.012638092041015625;0.38019561767578125;2.0043411254882812;0.08986282348632812;0.1511993408203125
1778695513;0.012638092041015625;0.38019561767578125;2.0043067932128906;0.08986282348632812;0.1511993408203125
1778695514;0.012638092041015625;0.3801918029785156;2.0042572021484375;0.08986282348632812;0.1511993408203125
1778695515;0.012638092041015625;0.38094329833984375;2.0042572021484375;0.08986282348632812;0.1511993408203125
1778695516;0.012638092041015625;0.38094329833984375;2.004322052001953;0.08986282348632812;0.1511993408203125
1778695517;0.012638092041015625;0.38094329833984375;2.004322052001953;0.08986282348632812;0.1511993408203125
1778695518;0.012638092041015625;0.3809471130371094;2.0050315856933594;0.08986282348632812;0.1511993408203125
1778695519;0.012638092041015625;0.3809471130371094;2.0050315856933594;0.08986282348632812;0.1511993408203125
1778695520;0.012638092041015625;0.3819389343261719;2.0050315856933594;0.08986282348632812;0.1511993408203125
1778695521;0.012638092041015625;0.3819389343261719;2.0050315856933594;0.08986282348632812;0.1511993408203125
1778695522;0.012638092041015625;0.3819389343261719;2.0050315856933594;0.08986282348632812;0.1511993408203125
1778695523;0.012638092041015625;0.3819389343261719;2.0050277709960938;0.08986282348632812;0.1511993408203125
1778695524;0.012638092041015625;0.3819389343261719;2.0050392150878906;0.08986282348632812;0.1511993408203125
1778695525;0.012638092041015625;0.3819389343261719;2.0050392150878906;0.08986282348632812;0.1511993408203125
1778695526;0.012638092041015625;0.3819389343261719;2.0050430297851562;0.08986282348632812;0.1511993408203125
1778695527;0.012638092041015625;0.3819389343261719;2.0050735473632812;0.08986282348632812;0.1511993408203125
1778695528;0.012638092041015625;0.38195037841796875;2.005321502685547;0.08986282348632812;0.1511993408203125
1778695529;0.012638092041015625;0.38195037841796875;2.0052833557128906;0.08986282348632812;0.1511993408203125
1778695530;0.012638092041015625;0.38195037841796875;2.0052833557128906;0.08986282348632812;0.1511993408203125
1778695531;0.012638092041015625;0.3819580078125;2.0053138732910156;0.08986282348632812;0.1511993408203125
1778695532;0.012638092041015625;0.3819580078125;2.0053138732910156;0.08986282348632812;0.1511993408203125
1778695533;0.012638092041015625;0.3819580078125;2.005870819091797;0.08986282348632812;0.1511993408203125
1778695534;0.012638092041015625;0.3819580078125;2.005870819091797;0.08986282348632812;0.1511993408203125
1778695535;0.012638092041015625;0.3819580078125;2.005870819091797;0.08986282348632812;0.1511993408203125
1778695536;0.012638092041015625;0.3819580078125;2.0064659118652344;0.08986282348632812;0.1511993408203125
1778695537;0.012638092041015625;0.3819580078125;2.006580352783203;0.08986282348632812;0.1511993408203125
1778695538;0.012638092041015625;0.3819580078125;2.006580352783203;0.08986282348632812;0.1511993408203125
1778695539;0.012638092041015625;0.3819541931152344;2.006580352783203;0.08986282348632812;0.1511993408203125
1778695540;0.012638092041015625;0.3819541931152344;2.0065841674804688;0.08986282348632812;0.1511993408203125
1778695541;0.012638092041015625;0.3819541931152344;2.0065269470214844;0.08986282348632812;0.1511993408203125
1778695542;0.012638092041015625;0.3819389343261719;2.006275177001953;0.08986282348632812;0.1511993408203125
1778695543;0.012638092041015625;0.3819313049316406;2.006275177001953;0.08986282348632812;0.1514434814453125
1778695544;0.012638092041015625;0.3819313049316406;2.0062217712402344;0.08986282348632812;0.1514434814453125
1778695545;0.012638092041015625;0.3819313049316406;2.0062217712402344;0.08986282348632812;0.1514434814453125
1778695546;0.012638092041015625;0.381927490234375;2.0062255859375;0.08986282348632812;0.1514434814453125
1778695547;0.012638092041015625;0.381927490234375;2.0062255859375;0.08986282348632812;0.1514434814453125
1778695548;0.012638092041015625;0.381927490234375;2.0062255859375;0.08986282348632812;0.1514434814453125
1778695549;0.012638092041015625;0.3819236755371094;2.0062294006347656;0.08986282348632812;0.1514434814453125
1778695550;0.012638092041015625;0.3819236755371094;2.0062294006347656;0.08986282348632812;0.1514434814453125
1778695551;0.012638092041015625;0.3819236755371094;2.0062294006347656;0.08986282348632812;0.1514434814453125
1778695552;0.012638092041015625;0.3819236755371094;2.0061187744140625;0.08986282348632812;0.1514434814453125
1778695553;0.012638092041015625;0.3819313049316406;2.005939483642578;0.08986282348632812;0.1514434814453125
1778695554;0.012638092041015625;0.3824272155761719;2.005939483642578;0.08986282348632812;0.1514434814453125
1778695555;0.012638092041015625;0.3824272155761719;2.005992889404297;0.08986282348632812;0.1514434814453125
1778695556;0.012638092041015625;0.3824272155761719;2.005992889404297;0.08986282348632812;0.1514434814453125
1778695557;0.012638092041015625;0.3824272155761719;2.0083465576171875;0.08986282348632812;0.1514434814453125
1778695558;0.012638092041015625;0.3824272155761719;2.0081710815429688;0.08986282348632812;0.1514434814453125
1778695559;0.012638092041015625;0.3824272155761719;2.0081710815429688;0.08986282348632812;0.1511993408203125
1778695560;0.012638092041015625;0.3824272155761719;2.0081710815429688;0.08986282348632812;0.1511993408203125
1778695561;0.012638092041015625;0.3824272155761719;2.0081710815429688;0.08986282348632812;0.1511993408203125
1778695562;0.012638092041015625;0.3824272155761719;2.0081748962402344;0.08986282348632812;0.1511993408203125
1778695563;0.012638092041015625;0.3824272155761719;2.0081748962402344;0.08986282348632812;0.1511993408203125
1778695564;0.012638092041015625;0.3824272155761719;2.0081825256347656;0.08986282348632812;0.1511993408203125
1778695565;0.012638092041015625;0.3824272155761719;2.0105361938476562;0.08986282348632812;0.1511993408203125
1778695566;0.012638092041015625;0.3824272155761719;2.0105361938476562;0.08986282348632812;0.1511993408203125
1778695567;0.012638092041015625;0.3824272155761719;2.0106582641601562;0.08986282348632812;0.1511993408203125
1778695568;0.012638092041015625;0.3828163146972656;2.010662078857422;0.08986282348632812;0.1511993408203125
1778695569;0.012638092041015625;0.38282012939453125;2.010662078857422;0.08986282348632812;0.1511993408203125
1778695570;0.012638092041015625;0.3827171325683594;2.119110107421875;0.08986282348632812;0.1511993408203125
1778695571;0.012638092041015625;0.3827171325683594;2.119110107421875;0.08986282348632812;0.1511993408203125
1778695572;0.012638092041015625;0.3827171325683594;2.119110107421875;0.08986282348632812;0.1511993408203125
1778695573;0.012638092041015625;0.3827171325683594;2.1191329956054688;0.08986282348632812;0.1511993408203125
1778695574;0.012638092041015625;0.3827171325683594;2.227630615234375;0.08986282348632812;0.1511993408203125
1778695575;0.012638092041015625;0.3827171325683594;2.2276954650878906;0.08986282348632812;0.1511993408203125
1778695576;0.012638092041015625;0.3827171325683594;2.2276954650878906;0.08986282348632812;0.1511993408203125
1778695577;0.012638092041015625;0.3827171325683594;2.2276954650878906;0.08986282348632812;0.1511993408203125
1778695578;0.012638092041015625;0.3827171325683594;2.2276954650878906;0.08986282348632812;0.1511993408203125
1778695579;0.012638092041015625;0.382720947265625;2.2276954650878906;0.08986282348632812;0.1511993408203125
1778695580;0.012638092041015625;0.382720947265625;2.2283554077148438;0.08986282348632812;0.1511993408203125
1778695581;0.012638092041015625;0.382720947265625;2.2283592224121094;0.08986282348632812;0.1511993408203125
1778695582;0.012638092041015625;0.382720947265625;2.2283592224121094;0.08986282348632812;0.1511993408203125
1778695583;0.012638092041015625;0.3827247619628906;2.2283592224121094;0.08986282348632812;0.1511993408203125
1778695584;0.012638092041015625;0.3827247619628906;2.2282676696777344;0.08986282348632812;0.1511993408203125
1778695585;0.012638092041015625;0.3827247619628906;2.22894287109375;0.08986282348632812;0.1511993408203125
1778695586;0.012638092041015625;0.38272857666015625;2.22894287109375;0.08986282348632812;0.1511993408203125
1778695587;0.012638092041015625;0.38272857666015625;2.2289581298828125;0.08986282348632812;0.1511993408203125
1778695588;0.012638092041015625;0.38272857666015625;2.2289581298828125;0.08986282348632812;0.1511993408203125
1778695589;0.012638092041015625;0.38272857666015625;2.2273902893066406;0.08986282348632812;0.1511993408203125
1778695590;0.012638092041015625;0.38272857666015625;2.2273902893066406;0.08986282348632812;0.1511993408203125
1778695591;0.012638092041015625;0.38272857666015625;2.2273902893066406;0.08986282348632812;0.1511993408203125
1778695592;0.012638092041015625;0.38272857666015625;2.228282928466797;0.08986282348632812;0.1511993408203125
1778695593;0.012638092041015625;0.38272857666015625;2.228282928466797;0.08986282348632812;0.1511993408203125
1778695594;0.012638092041015625;0.3827323913574219;2.228282928466797;0.08986282348632812;0.1511993408203125
1778695595;0.012638092041015625;0.3827400207519531;2.2282791137695312;0.08986282348632812;0.1511993408203125
1778695596;0.012638092041015625;0.3827400207519531;2.228282928466797;0.08986282348632812;0.1511993408203125
1778695597;0.012638092041015625;0.38274383544921875;2.2289199829101562;0.08986282348632812;0.1511993408203125
1778695598;0.012638092041015625;0.3827400207519531;2.2289199829101562;0.08986282348632812;0.1511993408203125
1778695599;0.012638092041015625;0.3827400207519531;2.2273406982421875;0.08986282348632812;0.1511993408203125
1778695600;0.012638092041015625;0.3827400207519531;2.2273406982421875;0.08986282348632812;0.1511993408203125
1778695601;0.012638092041015625;0.3827400207519531;2.2273406982421875;0.08986282348632812;0.1511993408203125
1778695602;0.012638092041015625;0.3827400207519531;2.2273406982421875;0.08986282348632812;0.1511993408203125
1778695603;0.012638092041015625;0.3827400207519531;2.2273406982421875;0.08986282348632812;0.1511993408203125
1778695604;0.012638092041015625;0.3827400207519531;2.2280197143554688;0.08986282348632812;0.1511993408203125
1778695605;0.012638092041015625;0.3827400207519531;2.228221893310547;0.08986282348632812;0.1511993408203125
1778695606;0.012638092041015625;0.3836936950683594;2.228221893310547;0.08986282348632812;0.1511993408203125
1778695607;0.012638092041015625;0.3836936950683594;2.228221893310547;0.08986282348632812;0.1511993408203125
1778695608;0.012638092041015625;0.3836936950683594;2.228221893310547;0.08986282348632812;0.1511993408203125
1778695609;0.012638092041015625;0.3836936950683594;2.228221893310547;0.08986282348632812;0.1511993408203125
1778695610;0.012638092041015625;0.3836936950683594;2.228221893310547;0.08986282348632812;0.1511993408203125
1778695611;0.012638092041015625;0.38465118408203125;2.228221893310547;0.08986282348632812;0.1511993408203125
1778695612;0.012638092041015625;0.3848991394042969;2.2273178100585938;0.08986282348632812;0.1511993408203125
1778695613;0.012638092041015625;0.3848991394042969;2.227458953857422;0.08986282348632812;0.1511993408203125
1778695614;0.012638092041015625;0.3848991394042969;2.227458953857422;0.08986282348632812;0.1511993408203125
1778695615;0.012638092041015625;0.3848991394042969;2.227458953857422;0.08986282348632812;0.1511993408203125
1778695616;0.012638092041015625;0.3851470947265625;2.227458953857422;0.08986282348632812;0.1511993408203125
1778695617;0.012638092041015625;0.3851470947265625;2.227458953857422;0.08986282348632812;0.1511993408203125
1778695618;0.012638092041015625;0.3851470947265625;2.227458953857422;0.08986282348632812;0.1511993408203125
1778695619;0.012638092041015625;0.3851470947265625;2.2276992797851562;0.08986282348632812;0.1511993408203125
1778695620;0.012638092041015625;0.3851470947265625;2.2279434204101562;0.08986282348632812;0.1511993408203125
1778695621;0.012638092041015625;0.3851470947265625;2.228466033935547;0.08986282348632812;0.15120315551757812
1778695622;0.012638092041015625;0.3851470947265625;2.228504180908203;0.08986282348632812;0.15120315551757812
1778695623;0.012638092041015625;0.3851470947265625;2.228504180908203;0.08986663818359375;0.15120315551757812
1778695624;0.012638092041015625;0.3851432800292969;2.228504180908203;0.08986663818359375;0.15120315551757812
1778695625;0.012638092041015625;0.3851432800292969;2.228504180908203;0.08986663818359375;0.15120315551757812
1778695626;0.012638092041015625;0.3851432800292969;2.228504180908203;0.08986663818359375;0.15120315551757812
1778695627;0.012638092041015625;0.3851432800292969;2.228496551513672;0.08986663818359375;0.15120315551757812
1778695628;0.012638092041015625;0.3851470947265625;2.228496551513672;0.08986663818359375;0.15120315551757812
1778695629;0.012638092041015625;0.3851432800292969;2.2285804748535156;0.08986663818359375;0.15120315551757812
1778695630;0.012638092041015625;0.3851432800292969;2.2285804748535156;0.08986663818359375;0.15120315551757812
1778695631;0.012638092041015625;0.3851432800292969;2.2295494079589844;0.08986663818359375;0.15120315551757812
1778695632;0.012638092041015625;0.3851432800292969;2.2297019958496094;0.08986663818359375;0.15120315551757812
1778695633;0.012638092041015625;0.3853874206542969;2.2295570373535156;0.08986663818359375;0.15120315551757812
1778695634;0.012638092041015625;0.3853874206542969;2.2295570373535156;0.08986663818359375;0.15120315551757812
1778695635;0.012638092041015625;0.3853874206542969;2.2293128967285156;0.08986663818359375;0.15120315551757812
1778695636;0.012638092041015625;0.3853874206542969;2.2293128967285156;0.08983612060546875;0.15120315551757812
1778695637;0.012638092041015625;0.3853874206542969;2.228832244873047;0.08983612060546875;0.15120315551757812
1778695638;0.012638092041015625;0.3853874206542969;2.228832244873047;0.08980941772460938;0.15120315551757812
1778695639;0.012638092041015625;0.3853912353515625;2.2288818359375;0.08980941772460938;0.15120315551757812
1778695640;0.012638092041015625;0.3853874206542969;2.2288818359375;0.08980941772460938;0.15120315551757812
1778695641;0.012638092041015625;0.3853912353515625;2.2288818359375;0.08980941772460938;0.15120315551757812
1778695642;0.012638092041015625;0.3853950500488281;2.22821044921875;0.08980941772460938;0.15120315551757812
1778695643;0.012638092041015625;0.3853950500488281;2.22821044921875;0.08980941772460938;0.15120315551757812
1778695644;0.012638092041015625;0.3858833312988281;2.22821044921875;0.08980941772460938;0.15120315551757812
1778695645;0.012638092041015625;0.3858833312988281;2.2284698486328125;0.08980941772460938;0.15120315551757812
1778695646;0.012638092041015625;0.3858833312988281;2.2284698486328125;0.08980941772460938;0.15120697021484375
1778695647;0.012638092041015625;0.3858833312988281;2.2284698486328125;0.08980941772460938;0.15120697021484375
1778695648;0.012638092041015625;0.3856391906738281;2.2284698486328125;0.08980941772460938;0.15120697021484375
1778695649;0.012638092041015625;0.3856391906738281;2.22943115234375;0.08980941772460938;0.15120697021484375
1778695650;0.012638092041015625;0.3856391906738281;2.2294921875;0.08980941772460938;0.15120697021484375
1778695651;0.012638092041015625;0.3856391906738281;2.2294921875;0.08980941772460938;0.15120697021484375
1778695652;0.012638092041015625;0.3856391906738281;2.2294921875;0.08980941772460938;0.15120697021484375
1778695653;0.012638092041015625;0.3856315612792969;2.2296714782714844;0.08980941772460938;0.15120697021484375
1778695654;0.012638092041015625;0.3856315612792969;2.22967529296875;0.08980941772460938;0.15120697021484375
1778695655;0.012638092041015625;0.3856315612792969;2.229736328125;0.08980941772460938;0.15120697021484375
1778695656;0.012638092041015625;0.3856315612792969;2.2297401428222656;0.08980941772460938;0.15120697021484375
1778695657;0.012638092041015625;0.38489532470703125;2.2297439575195312;0.08980941772460938;0.15120697021484375
1778695658;0.012638092041015625;0.38489532470703125;2.2297439575195312;0.08980941772460938;0.15120697021484375
1778695659;0.012638092041015625;0.38489532470703125;2.2297401428222656;0.08980941772460938;0.15120697021484375
1778695660;0.012638092041015625;0.38489532470703125;2.2297401428222656;0.08980941772460938;0.15120697021484375
1778695661;0.012638092041015625;0.38489532470703125;2.2303733825683594;0.08980941772460938;0.15120697021484375
1778695662;0.012638092041015625;0.3846588134765625;2.2303733825683594;0.08980941772460938;0.15120697021484375
1778695663;0.012638092041015625;0.3846588134765625;2.2303695678710938;0.08980941772460938;0.15120697021484375
1778695664;0.012638092041015625;0.3846626281738281;2.2301902770996094;0.08980941772460938;0.15120697021484375
1778695665;0.012638092041015625;0.3846626281738281;2.2301902770996094;0.08980941772460938;0.15120697021484375
1778695666;0.012638092041015625;0.3846626281738281;2.2301902770996094;0.08980941772460938;0.15120697021484375
1778695667;0.012638092041015625;0.38466644287109375;2.2302017211914062;0.08980941772460938;0.15120697021484375
1778695668;0.012638092041015625;0.3846626281738281;2.2302017211914062;0.08980941772460938;0.15120697021484375
1778695669;0.012638092041015625;0.3846626281738281;2.230213165283203;0.08980941772460938;0.15120697021484375
1778695670;0.012638092041015625;0.3849296569824219;2.2317237854003906;0.08980941772460938;0.15120697021484375
1778695671;0.012638092041015625;0.3849296569824219;2.2317237854003906;0.08980941772460938;0.15120697021484375
1778695672;0.012638092041015625;0.3849296569824219;2.2317237854003906;0.08980941772460938;0.15120697021484375
1778695673;0.012638092041015625;0.3849296569824219;2.2317237854003906;0.08980941772460938;0.15145111083984375
1778695674;0.012638092041015625;0.3849296569824219;2.2317237854003906;0.08980941772460938;0.15145111083984375
1778695675;0.012638092041015625;0.3849296569824219;2.2317237854003906;0.08980941772460938;0.15145111083984375
1778695676;0.012638092041015625;0.3849296569824219;2.2317237854003906;0.08980941772460938;0.15145111083984375
1778695677;0.012638092041015625;0.3849296569824219;2.2323379516601562;0.08980941772460938;0.15145111083984375
1778695678;0.012638092041015625;0.3851814270019531;2.234325408935547;0.08980941772460938;0.15145111083984375
1778695679;0.012638092041015625;0.3851814270019531;2.234325408935547;0.08980941772460938;0.15145111083984375
1778695680;0.012638092041015625;0.38518524169921875;2.2358322143554688;0.09017562866210938;0.15170669555664062
1778695681;0.012638092041015625;0.38518524169921875;2.2358322143554688;0.09017562866210938;0.1519622802734375
1778695682;0.012638092041015625;0.38519287109375;2.2358322143554688;0.09017562866210938;0.1519622802734375
1778695683;0.012638092041015625;0.3888816833496094;2.23541259765625;0.09017562866210938;0.1519622802734375
1778695684;0.012638092041015625;0.3888816833496094;2.23541259765625;0.090545654296875;0.1519622802734375
1778695685;0.012638092041015625;0.3888816833496094;2.23541259765625;0.090545654296875;0.1519622802734375
1778695686;0.012638092041015625;0.3888816833496094;2.23541259765625;0.090545654296875;0.1519622802734375
1778695687;0.012638092041015625;0.3888816833496094;2.2352447509765625;0.090545654296875;0.1519622802734375
1778695688;0.012638092041015625;0.3888816833496094;2.2352447509765625;0.090545654296875;0.15203857421875
1778695689;0.012638092041015625;0.3888816833496094;2.2352447509765625;0.090545654296875;0.15203857421875
1778695690;0.012638092041015625;0.3925743103027344;2.235248565673828;0.090545654296875;0.15203857421875
1778695691;0.012638092041015625;0.3925743103027344;2.235248565673828;0.090545654296875;0.15190505981445312
1778695692;0.012638092041015625;0.3925743103027344;2.2351608276367188;0.090545654296875;0.15190505981445312
1778695693;0.012638092041015625;0.3925933837890625;2.2351608276367188;0.090545654296875;0.15190505981445312
1778695694;0.012638092041015625;0.3925933837890625;2.2351608276367188;0.090545654296875;0.15190505981445312
1778695695;0.012638092041015625;0.3925971984863281;2.2351608276367188;0.090545654296875;0.15190505981445312
1778695696;0.012638092041015625;0.3925971984863281;2.235126495361328;0.090545654296875;0.15190505981445312
1778695697;0.012638092041015625;0.3925971984863281;2.2351341247558594;0.090545654296875;0.15190505981445312
1778695698;0.012638092041015625;0.39260101318359375;2.2351341247558594;0.090545654296875;0.15198898315429688
1778695699;0.012638092041015625;0.39260101318359375;2.235179901123047;0.090545654296875;0.15198898315429688
1778695700;0.012638092041015625;0.3925971984863281;2.235179901123047;0.09054183959960938;0.15198898315429688
1778695701;0.012638092041015625;0.3925971984863281;2.2340927124023438;0.09054183959960938;0.15198898315429688
1778695702;0.012638092041015625;0.3925971984863281;2.234088897705078;0.09054183959960938;0.1521453857421875
1778695703;0.012638092041015625;0.3925971984863281;2.234088897705078;0.09054183959960938;0.1521453857421875
1778695704;0.012638092041015625;0.3925971984863281;2.234088897705078;0.09054183959960938;0.1521453857421875
1778695705;0.012638092041015625;0.3925971984863281;2.2340965270996094;0.09054183959960938;0.1521453857421875
1778695706;0.012638092041015625;0.3925971984863281;2.2340965270996094;0.09054183959960938;0.1521453857421875
1778695707;0.012638092041015625;0.3925971984863281;2.232372283935547;0.09054183959960938;0.1521453857421875
1778695708;0.012638092041015625;0.3925971984863281;2.232372283935547;0.09054183959960938;0.1521453857421875
1778695709;0.012638092041015625;0.3925971984863281;2.2300033569335938;0.09054183959960938;0.1521453857421875
1778695710;0.012638092041015625;0.3925971984863281;2.2300033569335938;0.09054183959960938;0.1521453857421875
1778695711;0.012638092041015625;0.3928413391113281;2.2300033569335938;0.09054183959960938;0.1521453857421875
1778695712;0.012638092041015625;0.3928413391113281;2.2300033569335938;0.09054183959960938;0.1521453857421875
1778695713;0.012638092041015625;0.3928413391113281;2.230266571044922;0.09054183959960938;0.1521453857421875
1778695714;0.012638092041015625;0.3928413391113281;2.228626251220703;0.09054183959960938;0.1521453857421875
1778695715;0.012638092041015625;0.3928413391113281;2.2278518676757812;0.09054183959960938;0.1521453857421875
1778695716;0.012638092041015625;0.3928489685058594;2.2282180786132812;0.09054183959960938;0.1521453857421875
1778695717;0.012638092041015625;0.3928489685058594;2.2284774780273438;0.09054183959960938;0.15229034423828125
1778695718;0.012638092041015625;0.3928489685058594;2.2284774780273438;0.09054183959960938;0.15229034423828125
1778695719;0.012638092041015625;0.3928489685058594;2.2283554077148438;0.09054183959960938;0.15229034423828125
1778695720;0.012638092041015625;0.3928489685058594;2.2283554077148438;0.09054183959960938;0.15229034423828125
1778695721;0.012638092041015625;0.3928489685058594;2.2283554077148438;0.09054183959960938;0.15229034423828125
1778695722;0.012638092041015625;0.3928489685058594;2.2283554077148438;0.09054183959960938;0.15229034423828125
1778695723;0.012638092041015625;0.3928489685058594;2.2283554077148438;0.09054183959960938;0.15229034423828125
1778695724;0.012638092041015625;0.3928489685058594;2.2283554077148438;0.09054183959960938;0.15229034423828125
1778695725;0.012638092041015625;0.3928489685058594;2.2296600341796875;0.09054183959960938;0.15229034423828125
1778695726;0.012638092041015625;0.3928489685058594;2.2296600341796875;0.09054183959960938;0.15229034423828125
1778695727;0.012638092041015625;0.3928489685058594;2.2384071350097656;0.09054183959960938;0.15229034423828125
1778695728;0.012638092041015625;0.392608642578125;2.2384071350097656;0.09054183959960938;0.15229034423828125
1778695729;0.012638092041015625;0.3926124572753906;2.2385902404785156;0.09054183959960938;0.15229034423828125
1778695730;0.012638092041015625;0.3926124572753906;2.2385902404785156;0.09054183959960938;0.15229034423828125
1778695731;0.012638092041015625;0.3926124572753906;2.2388572692871094;0.09054183959960938;0.15229034423828125
1778695732;0.012638092041015625;0.3926124572753906;2.2388534545898438;0.09054183959960938;0.1522979736328125
1778695733;0.012638092041015625;0.3926239013671875;2.2390403747558594;0.09054183959960938;0.15230560302734375
1778695734;0.012638092041015625;0.3926239013671875;2.2390403747558594;0.09054183959960938;0.15230560302734375
1778695735;0.012638092041015625;0.3926239013671875;2.2390403747558594;0.09054183959960938;0.15230560302734375
1778695736;0.012638092041015625;0.3926239013671875;2.2390403747558594;0.09054183959960938;0.15230560302734375
1778695737;0.012638092041015625;0.3926239013671875;2.244537353515625;0.09054183959960938;0.15230560302734375
1778695738;0.012638092041015625;0.3926239013671875;2.2445602416992188;0.09054183959960938;0.15230560302734375
1778695739;0.012638092041015625;0.3926239013671875;2.2477874755859375;0.09054183959960938;0.15230560302734375
1778695740;0.012638092041015625;0.3926239013671875;2.2477874755859375;0.09054183959960938;0.15237045288085938
1778695741;0.012638092041015625;0.3926239013671875;2.2477874755859375;0.09054183959960938;0.15237045288085938
1778695742;0.012638092041015625;0.3926239013671875;2.244861602783203;0.09054183959960938;0.15237045288085938
1778695743;0.012638092041015625;0.39263153076171875;2.2446365356445312;0.09054183959960938;0.15237045288085938
1778695744;0.012638092041015625;0.39263153076171875;2.2446365356445312;0.09054183959960938;0.15237045288085938
1778695745;0.012638092041015625;0.39263153076171875;2.253631591796875;0.09054183959960938;0.15237045288085938
1778695746;0.012638092041015625;0.3926353454589844;2.253631591796875;0.09054183959960938;0.15237045288085938
1778695747;0.012638092041015625;0.3926353454589844;2.256633758544922;0.09054183959960938;0.15237808227539062
1778695748;0.012638092041015625;0.3926429748535156;2.256633758544922;0.09054183959960938;0.15238571166992188
1778695749;0.012638092041015625;0.3926506042480469;2.256633758544922;0.09054183959960938;0.15244674682617188
1778695750;0.012638092041015625;0.3926506042480469;2.256633758544922;0.09054183959960938;0.15244674682617188
1778695751;0.012638092041015625;0.3926506042480469;2.2596359252929688;0.09054183959960938;0.15244674682617188
1778695752;0.012638092041015625;0.3926506042480469;2.2615928649902344;0.09054183959960938;0.15244674682617188
1778695753;0.012638092041015625;0.3926506042480469;2.268016815185547;0.09054183959960938;0.15244674682617188
1778695754;0.012638092041015625;0.3953132629394531;2.268016815185547;0.09054183959960938;0.15244674682617188
1778695755;0.012638092041015625;0.3953132629394531;2.268016815185547;0.09054183959960938;0.15244293212890625
1778695756;0.012638092041015625;0.3953132629394531;2.268016815185547;0.09054183959960938;0.15244293212890625
1778695757;0.012638092041015625;0.3953132629394531;2.2665977478027344;0.09054183959960938;0.15244293212890625
1778695758;0.012638092041015625;0.3953132629394531;2.2666015625;0.09032821655273438;0.15244293212890625
1778695759;0.012638092041015625;0.3979644775390625;2.2666015625;0.09032821655273438;0.15244293212890625
1778695760;0.012638092041015625;0.39795684814453125;2.2666015625;0.09032821655273438;0.15244293212890625
1778695761;0.012638092041015625;0.39795684814453125;2.2666015625;0.09032821655273438;0.15244293212890625
1778695762;0.012638092041015625;0.39795684814453125;2.266590118408203;0.09032821655273438;0.15244293212890625
1778695763;0.012638092041015625;0.39795684814453125;2.2665863037109375;0.09032821655273438;0.15244293212890625
1778695764;0.012638092041015625;0.39795684814453125;2.265148162841797;0.09032821655273438;0.15244293212890625
1778695765;0.012638092041015625;0.398193359375;2.265148162841797;0.09032821655273438;0.15244293212890625
1778695766;0.012638092041015625;0.398193359375;2.265148162841797;0.09032821655273438;0.15244293212890625
1778695767;0.012638092041015625;0.398193359375;2.2651596069335938;0.09032821655273438;0.15244293212890625
1778695768;0.012638092041015625;0.398193359375;2.2651710510253906;0.09032821655273438;0.15244293212890625
1778695769;0.012638092041015625;0.398193359375;2.2651748657226562;0.09032821655273438;0.15244293212890625
1778695770;0.012638092041015625;0.3981895446777344;2.265796661376953;0.09032821655273438;0.15244293212890625
1778695771;0.012638092041015625;0.3981895446777344;2.2658004760742188;0.09032821655273438;0.15244293212890625
1778695772;0.012638092041015625;0.3981895446777344;2.2658004760742188;0.09032821655273438;0.15244293212890625
1778695773;0.012638092041015625;0.3981895446777344;2.2658004760742188;0.09032821655273438;0.15244293212890625
1778695774;0.012638092041015625;0.3981895446777344;2.26641845703125;0.09032821655273438;0.15244293212890625
1778695775;0.012638092041015625;0.3981895446777344;2.266437530517578;0.09032821655273438;0.15244293212890625
1778695776;0.012638092041015625;0.39456939697265625;2.266437530517578;0.09032821655273438;0.15244293212890625
1778695777;0.012638092041015625;0.3912010192871094;2.266437530517578;0.09032821655273438;0.15244293212890625
1778695778;0.012638092041015625;0.3912010192871094;2.266437530517578;0.09032821655273438;0.15244293212890625
1778695779;0.012638092041015625;0.3912010192871094;2.266437530517578;0.09032821655273438;0.15243911743164062
1778695780;0.012638092041015625;0.3912010192871094;2.2664413452148438;0.09032821655273438;0.15243911743164062
1778695781;0.012638092041015625;0.39119720458984375;2.2664413452148438;0.09032821655273438;0.15243911743164062
1778695782;0.012638092041015625;0.39119720458984375;2.2664527893066406;0.09032821655273438;0.15243911743164062
1778695783;0.012638092041015625;0.39119720458984375;2.2664718627929688;0.09032821655273438;0.15243911743164062
1778695784;0.012638092041015625;0.39119720458984375;2.2664718627929688;0.09032821655273438;0.15243911743164062
1778695785;0.012638092041015625;0.39119720458984375;2.2664718627929688;0.09032821655273438;0.15243911743164062
1778695786;0.012638092041015625;0.39119720458984375;2.2664718627929688;0.09032821655273438;0.15243911743164062
1778695787;0.012638092041015625;0.39119720458984375;2.266490936279297;0.09032821655273438;0.15243911743164062
1778695788;0.012638092041015625;0.391204833984375;2.266986846923828;0.09032821655273438;0.152435302734375
1778695789;0.012638092041015625;0.391204833984375;2.266986846923828;0.09032821655273438;0.152435302734375
1778695790;0.012638092041015625;0.3912086486816406;2.266986846923828;0.09032821655273438;0.152435302734375
1778695791;0.012638092041015625;0.3912086486816406;2.2669906616210938;0.09032821655273438;0.152435302734375
1778695792;0.012638092041015625;0.3912086486816406;2.2669906616210938;0.09032821655273438;0.152435302734375
1778695793;0.012638092041015625;0.3912086486816406;2.266986846923828;0.09032821655273438;0.152435302734375
1778695794;0.012638092041015625;0.3912086486816406;2.2674789428710938;0.09032821655273438;0.152435302734375
1778695795;0.012638092041015625;0.3912086486816406;2.2674789428710938;0.09032821655273438;0.152435302734375
1778695796;0.012638092041015625;0.3912086486816406;2.2674789428710938;0.09032821655273438;0.152435302734375
1778695797;0.012638092041015625;0.3912086486816406;2.2674789428710938;0.09032821655273438;0.152435302734375
1778695798;0.012638092041015625;0.3912086486816406;2.2674827575683594;0.09032821655273438;0.152435302734375
1778695799;0.012638092041015625;0.3912086486816406;2.2674827575683594;0.09032821655273438;0.152435302734375
1778695800;0.012638092041015625;0.3912086486816406;2.2674827575683594;0.09032821655273438;0.152435302734375
